[
{
  "model": "catalog.city",
  "pk": 1,
  "fields": {
    "name": "Bisbee",
    "state": "Arizona"
  }
},
{
  "model": "catalog.city",
  "pk": 10,
  "fields": {
    "name": "Seanstad",
    "state": "Wisconsin"
  }
},
{
  "model": "catalog.city",
  "pk": 11,
  "fields": {
    "name": "East Stevenland",
    "state": "Ohio"
  }
},
{
  "model": "catalog.city",
  "pk": 12,
  "fields": {
    "name": "East Amanda",
    "state": "Minnesota"
  }
},
{
  "model": "catalog.city",
  "pk": 13,
  "fields": {
    "name": "Welchhaven",
    "state": "Arizona"
  }
},
{
  "model": "catalog.city",
  "pk": 14,
  "fields": {
    "name": "Josephton",
    "state": "Nebraska"
  }
},
{
  "model": "catalog.city",
  "pk": 15,
  "fields": {
    "name": "Allisonchester",
    "state": "Ohio"
  }
},
{
  "model": "catalog.city",
  "pk": 16,
  "fields": {
    "name": "Lake Amy",
    "state": "South Dakota"
  }
},
{
  "model": "catalog.city",
  "pk": 17,
  "fields": {
    "name": "Calebland",
    "state": "Montana"
  }
},
{
  "model": "catalog.city",
  "pk": 18,
  "fields": {
    "name": "Johnsontown",
    "state": "West Virginia"
  }
},
{
  "model": "catalog.city",
  "pk": 19,
  "fields": {
    "name": "South Jamesmouth",
    "state": "Maryland"
  }
},
{
  "model": "catalog.city",
  "pk": 20,
  "fields": {
    "name": "Lake Scott",
    "state": "Massachusetts"
  }
},
{
  "model": "catalog.city",
  "pk": 21,
  "fields": {
    "name": "New Jasonhaven",
    "state": "New York"
  }
},
{
  "model": "catalog.city",
  "pk": 22,
  "fields": {
    "name": "Lake Brianna",
    "state": "North Dakota"
  }
},
{
  "model": "catalog.city",
  "pk": 23,
  "fields": {
    "name": "Audreyshire",
    "state": "Massachusetts"
  }
},
{
  "model": "catalog.city",
  "pk": 24,
  "fields": {
    "name": "Wrightmouth",
    "state": "Oregon"
  }
},
{
  "model": "catalog.city",
  "pk": 25,
  "fields": {
    "name": "New Jose",
    "state": "Hawaii"
  }
},
{
  "model": "catalog.city",
  "pk": 26,
  "fields": {
    "name": "Port Jessicahaven",
    "state": "Florida"
  }
},
{
  "model": "catalog.city",
  "pk": 27,
  "fields": {
    "name": "West Zachary",
    "state": "Indiana"
  }
},
{
  "model": "catalog.city",
  "pk": 28,
  "fields": {
    "name": "Nicoleside",
    "state": "Vermont"
  }
},
{
  "model": "catalog.city",
  "pk": 29,
  "fields": {
    "name": "Martinfort",
    "state": "Nevada"
  }
},
{
  "model": "catalog.city",
  "pk": 30,
  "fields": {
    "name": "South Tommymouth",
    "state": "Indiana"
  }
},
{
  "model": "catalog.city",
  "pk": 31,
  "fields": {
    "name": "Port Davidfort",
    "state": "Minnesota"
  }
},
{
  "model": "catalog.city",
  "pk": 32,
  "fields": {
    "name": "Port Heatherview",
    "state": "Hawaii"
  }
},
{
  "model": "catalog.city",
  "pk": 33,
  "fields": {
    "name": "Lake Loriton",
    "state": "Nevada"
  }
},
{
  "model": "catalog.city",
  "pk": 34,
  "fields": {
    "name": "Mckinneyburgh",
    "state": "New Mexico"
  }
},
{
  "model": "catalog.city",
  "pk": 35,
  "fields": {
    "name": "Sweeneyburgh",
    "state": "Hawaii"
  }
},
{
  "model": "catalog.city",
  "pk": 36,
  "fields": {
    "name": "Port Brianland",
    "state": "Tennessee"
  }
},
{
  "model": "catalog.city",
  "pk": 37,
  "fields": {
    "name": "Port Sean",
    "state": "Illinois"
  }
},
{
  "model": "catalog.city",
  "pk": 38,
  "fields": {
    "name": "Fullerstad",
    "state": "Mississippi"
  }
},
{
  "model": "catalog.city",
  "pk": 39,
  "fields": {
    "name": "South Hunter",
    "state": "Minnesota"
  }
},
{
  "model": "catalog.city",
  "pk": 40,
  "fields": {
    "name": "New Jesseland",
    "state": "South Dakota"
  }
},
{
  "model": "catalog.city",
  "pk": 41,
  "fields": {
    "name": "East Valerie",
    "state": "Minnesota"
  }
},
{
  "model": "catalog.city",
  "pk": 42,
  "fields": {
    "name": "Cherylhaven",
    "state": "New York"
  }
},
{
  "model": "catalog.city",
  "pk": 43,
  "fields": {
    "name": "Silvaborough",
    "state": "Connecticut"
  }
},
{
  "model": "catalog.city",
  "pk": 44,
  "fields": {
    "name": "South Vicki",
    "state": "Maine"
  }
},
{
  "model": "catalog.city",
  "pk": 45,
  "fields": {
    "name": "East Erika",
    "state": "Georgia"
  }
},
{
  "model": "catalog.city",
  "pk": 46,
  "fields": {
    "name": "Leeborough",
    "state": "Rhode Island"
  }
},
{
  "model": "catalog.city",
  "pk": 47,
  "fields": {
    "name": "Lynnbury",
    "state": "Idaho"
  }
},
{
  "model": "catalog.city",
  "pk": 48,
  "fields": {
    "name": "Tranfurt",
    "state": "Texas"
  }
},
{
  "model": "catalog.city",
  "pk": 49,
  "fields": {
    "name": "Port Danielstad",
    "state": "New Hampshire"
  }
},
{
  "model": "catalog.city",
  "pk": 50,
  "fields": {
    "name": "Brittanyfurt",
    "state": "North Carolina"
  }
},
{
  "model": "catalog.city",
  "pk": 51,
  "fields": {
    "name": "Danielton",
    "state": "Montana"
  }
},
{
  "model": "catalog.city",
  "pk": 52,
  "fields": {
    "name": "South Joseph",
    "state": "Montana"
  }
},
{
  "model": "catalog.city",
  "pk": 53,
  "fields": {
    "name": "Lake Kelsey",
    "state": "New York"
  }
},
{
  "model": "catalog.city",
  "pk": 54,
  "fields": {
    "name": "Espinozamouth",
    "state": "Maine"
  }
},
{
  "model": "catalog.city",
  "pk": 55,
  "fields": {
    "name": "South Cynthiaville",
    "state": "Arkansas"
  }
},
{
  "model": "catalog.city",
  "pk": 56,
  "fields": {
    "name": "Thomasport",
    "state": "Florida"
  }
},
{
  "model": "catalog.city",
  "pk": 57,
  "fields": {
    "name": "Lisastad",
    "state": "Kansas"
  }
},
{
  "model": "catalog.city",
  "pk": 58,
  "fields": {
    "name": "Laurieshire",
    "state": "New Hampshire"
  }
},
{
  "model": "catalog.city",
  "pk": 59,
  "fields": {
    "name": "Wandaport",
    "state": "Wyoming"
  }
},
{
  "model": "catalog.city",
  "pk": 60,
  "fields": {
    "name": "West Amanda",
    "state": "Montana"
  }
},
{
  "model": "catalog.city",
  "pk": 61,
  "fields": {
    "name": "Port Susan",
    "state": "Minnesota"
  }
},
{
  "model": "catalog.city",
  "pk": 62,
  "fields": {
    "name": "Smithborough",
    "state": "Idaho"
  }
},
{
  "model": "catalog.city",
  "pk": 63,
  "fields": {
    "name": "Port Thomasfurt",
    "state": "Maryland"
  }
},
{
  "model": "catalog.city",
  "pk": 64,
  "fields": {
    "name": "Jaimeport",
    "state": "Georgia"
  }
},
{
  "model": "catalog.city",
  "pk": 65,
  "fields": {
    "name": "Monicafort",
    "state": "Maine"
  }
},
{
  "model": "catalog.city",
  "pk": 66,
  "fields": {
    "name": "South Anthony",
    "state": "Alaska"
  }
},
{
  "model": "catalog.city",
  "pk": 67,
  "fields": {
    "name": "South Christopherberg",
    "state": "New York"
  }
},
{
  "model": "catalog.city",
  "pk": 68,
  "fields": {
    "name": "Villachester",
    "state": "Tennessee"
  }
},
{
  "model": "catalog.city",
  "pk": 69,
  "fields": {
    "name": "Chadton",
    "state": "Massachusetts"
  }
},
{
  "model": "catalog.city",
  "pk": 70,
  "fields": {
    "name": "Wrightburgh",
    "state": "Arkansas"
  }
},
{
  "model": "catalog.city",
  "pk": 71,
  "fields": {
    "name": "Courtneymouth",
    "state": "New Hampshire"
  }
},
{
  "model": "catalog.city",
  "pk": 72,
  "fields": {
    "name": "Maldonadotown",
    "state": "Wyoming"
  }
},
{
  "model": "catalog.city",
  "pk": 73,
  "fields": {
    "name": "Nicoleburgh",
    "state": "Indiana"
  }
},
{
  "model": "catalog.city",
  "pk": 74,
  "fields": {
    "name": "Mercerton",
    "state": "Minnesota"
  }
},
{
  "model": "catalog.city",
  "pk": 75,
  "fields": {
    "name": "West Julia",
    "state": "North Carolina"
  }
},
{
  "model": "catalog.city",
  "pk": 76,
  "fields": {
    "name": "Castillomouth",
    "state": "New York"
  }
},
{
  "model": "catalog.city",
  "pk": 77,
  "fields": {
    "name": "East Sharonborough",
    "state": "Hawaii"
  }
},
{
  "model": "catalog.city",
  "pk": 78,
  "fields": {
    "name": "Elizabethfurt",
    "state": "Maryland"
  }
},
{
  "model": "catalog.city",
  "pk": 79,
  "fields": {
    "name": "Jacksonfort",
    "state": "Mississippi"
  }
},
{
  "model": "catalog.city",
  "pk": 80,
  "fields": {
    "name": "Thomasshire",
    "state": "Louisiana"
  }
},
{
  "model": "catalog.city",
  "pk": 81,
  "fields": {
    "name": "New James",
    "state": "Kentucky"
  }
},
{
  "model": "catalog.city",
  "pk": 82,
  "fields": {
    "name": "Kathleenchester",
    "state": "North Dakota"
  }
},
{
  "model": "catalog.city",
  "pk": 83,
  "fields": {
    "name": "Justinbury",
    "state": "Indiana"
  }
},
{
  "model": "catalog.city",
  "pk": 84,
  "fields": {
    "name": "Michaelshire",
    "state": "Massachusetts"
  }
},
{
  "model": "catalog.city",
  "pk": 85,
  "fields": {
    "name": "East Rubenville",
    "state": "South Carolina"
  }
},
{
  "model": "catalog.city",
  "pk": 86,
  "fields": {
    "name": "New Christian",
    "state": "West Virginia"
  }
},
{
  "model": "catalog.city",
  "pk": 87,
  "fields": {
    "name": "North Elizabethmouth",
    "state": "Wyoming"
  }
},
{
  "model": "catalog.city",
  "pk": 88,
  "fields": {
    "name": "North Rachel",
    "state": "Arkansas"
  }
},
{
  "model": "catalog.city",
  "pk": 89,
  "fields": {
    "name": "Robertfurt",
    "state": "North Dakota"
  }
},
{
  "model": "catalog.city",
  "pk": 90,
  "fields": {
    "name": "Grimeschester",
    "state": "Indiana"
  }
},
{
  "model": "catalog.city",
  "pk": 91,
  "fields": {
    "name": "Andrewhaven",
    "state": "North Dakota"
  }
},
{
  "model": "catalog.city",
  "pk": 92,
  "fields": {
    "name": "Alvarezhaven",
    "state": "Minnesota"
  }
},
{
  "model": "catalog.city",
  "pk": 93,
  "fields": {
    "name": "Collinsview",
    "state": "North Carolina"
  }
},
{
  "model": "catalog.city",
  "pk": 94,
  "fields": {
    "name": "Grahammouth",
    "state": "Illinois"
  }
},
{
  "model": "catalog.city",
  "pk": 95,
  "fields": {
    "name": "Lake Jerry",
    "state": "Florida"
  }
},
{
  "model": "catalog.city",
  "pk": 96,
  "fields": {
    "name": "South Robert",
    "state": "Delaware"
  }
},
{
  "model": "catalog.city",
  "pk": 97,
  "fields": {
    "name": "Williamsfurt",
    "state": "Montana"
  }
},
{
  "model": "catalog.city",
  "pk": 98,
  "fields": {
    "name": "Port Alison",
    "state": "Idaho"
  }
},
{
  "model": "catalog.city",
  "pk": 99,
  "fields": {
    "name": "East Kevintown",
    "state": "Alaska"
  }
},
{
  "model": "catalog.city",
  "pk": 100,
  "fields": {
    "name": "Timothyhaven",
    "state": "New Mexico"
  }
},
{
  "model": "catalog.city",
  "pk": 101,
  "fields": {
    "name": "Zacharymouth",
    "state": "California"
  }
},
{
  "model": "catalog.city",
  "pk": 102,
  "fields": {
    "name": "Port Steven",
    "state": "Wyoming"
  }
},
{
  "model": "catalog.city",
  "pk": 103,
  "fields": {
    "name": "Lake Alexisbury",
    "state": "Pennsylvania"
  }
},
{
  "model": "catalog.city",
  "pk": 104,
  "fields": {
    "name": "West Alexandra",
    "state": "New Jersey"
  }
},
{
  "model": "catalog.city",
  "pk": 105,
  "fields": {
    "name": "East Kara",
    "state": "Nevada"
  }
},
{
  "model": "catalog.city",
  "pk": 106,
  "fields": {
    "name": "West Daniel",
    "state": "California"
  }
},
{
  "model": "catalog.city",
  "pk": 107,
  "fields": {
    "name": "Lake Sandra",
    "state": "Iowa"
  }
},
{
  "model": "catalog.city",
  "pk": 108,
  "fields": {
    "name": "Liborough",
    "state": "Oklahoma"
  }
},
{
  "model": "catalog.city",
  "pk": 109,
  "fields": {
    "name": "Seanmouth",
    "state": "Washington"
  }
},
{
  "model": "catalog.supplier",
  "pk": 1,
  "fields": {
    "city": 1,
    "title": "Nike",
    "email": "nike@gmail.com"
  }
},
{
  "model": "catalog.supplier",
  "pk": 2,
  "fields": {
    "city": 20,
    "title": "Vega, Ortega and Stout",
    "email": "william37@hotmail.com"
  }
},
{
  "model": "catalog.supplier",
  "pk": 3,
  "fields": {
    "city": 21,
    "title": "May, Salas and Hicks",
    "email": "zclark@yahoo.com"
  }
},
{
  "model": "catalog.supplier",
  "pk": 4,
  "fields": {
    "city": 22,
    "title": "Williams, Lopez and Farley",
    "email": "smithjames@hotmail.com"
  }
},
{
  "model": "catalog.supplier",
  "pk": 5,
  "fields": {
    "city": 23,
    "title": "Benitez, Martin and Williams",
    "email": "cynthia92@yahoo.com"
  }
},
{
  "model": "catalog.supplier",
  "pk": 6,
  "fields": {
    "city": 24,
    "title": "Jackson-Dalton",
    "email": "perkinsclinton@gmail.com"
  }
},
{
  "model": "catalog.supplier",
  "pk": 7,
  "fields": {
    "city": 25,
    "title": "Caldwell, Roberts and Ramirez",
    "email": "jeremydavenport@hotmail.com"
  }
},
{
  "model": "catalog.supplier",
  "pk": 8,
  "fields": {
    "city": 26,
    "title": "Johnson Group",
    "email": "andrew85@hotmail.com"
  }
},
{
  "model": "catalog.supplier",
  "pk": 9,
  "fields": {
    "city": 27,
    "title": "Clements Ltd",
    "email": "gatkinson@yahoo.com"
  }
},
{
  "model": "catalog.supplier",
  "pk": 10,
  "fields": {
    "city": 28,
    "title": "Harding-Mcconnell",
    "email": "christopher81@gmail.com"
  }
},
{
  "model": "catalog.supplier",
  "pk": 11,
  "fields": {
    "city": 29,
    "title": "Yates-Ellis",
    "email": "kathleenandrews@hotmail.com"
  }
},
{
  "model": "catalog.supplier",
  "pk": 12,
  "fields": {
    "city": 30,
    "title": "Holland-Wells",
    "email": "mayerraymond@gmail.com"
  }
},
{
  "model": "catalog.supplier",
  "pk": 13,
  "fields": {
    "city": 31,
    "title": "Moss, Shaw and Contreras",
    "email": "pnichols@gmail.com"
  }
},
{
  "model": "catalog.supplier",
  "pk": 14,
  "fields": {
    "city": 32,
    "title": "Lin Group",
    "email": "uhernandez@hotmail.com"
  }
},
{
  "model": "catalog.supplier",
  "pk": 15,
  "fields": {
    "city": 33,
    "title": "Mccoy Inc",
    "email": "joannelevine@gmail.com"
  }
},
{
  "model": "catalog.supplier",
  "pk": 16,
  "fields": {
    "city": 34,
    "title": "Manning and Sons",
    "email": "cbrown@yahoo.com"
  }
},
{
  "model": "catalog.supplier",
  "pk": 17,
  "fields": {
    "city": 35,
    "title": "Patrick, Costa and Stewart",
    "email": "irivera@hotmail.com"
  }
},
{
  "model": "catalog.supplier",
  "pk": 18,
  "fields": {
    "city": 36,
    "title": "Hubbard Group",
    "email": "pageanthony@hotmail.com"
  }
},
{
  "model": "catalog.supplier",
  "pk": 19,
  "fields": {
    "city": 37,
    "title": "Short LLC",
    "email": "brian65@gmail.com"
  }
},
{
  "model": "catalog.supplier",
  "pk": 20,
  "fields": {
    "city": 38,
    "title": "Kelly-Trujillo",
    "email": "zlopez@hotmail.com"
  }
},
{
  "model": "catalog.supplier",
  "pk": 21,
  "fields": {
    "city": 39,
    "title": "Bishop Ltd",
    "email": "andersonthomas@hotmail.com"
  }
},
{
  "model": "catalog.supplier",
  "pk": 22,
  "fields": {
    "city": 40,
    "title": "Lee, Moore and Spears",
    "email": "johnsonjoseph@hotmail.com"
  }
},
{
  "model": "catalog.supplier",
  "pk": 23,
  "fields": {
    "city": 41,
    "title": "Williams-Carter",
    "email": "goodmichael@gmail.com"
  }
},
{
  "model": "catalog.supplier",
  "pk": 24,
  "fields": {
    "city": 42,
    "title": "Frost Ltd",
    "email": "veronicaflynn@hotmail.com"
  }
},
{
  "model": "catalog.supplier",
  "pk": 25,
  "fields": {
    "city": 43,
    "title": "Johnson, Reyes and Fisher",
    "email": "andrewscott@hotmail.com"
  }
},
{
  "model": "catalog.supplier",
  "pk": 26,
  "fields": {
    "city": 44,
    "title": "Lewis Inc",
    "email": "katie48@hotmail.com"
  }
},
{
  "model": "catalog.supplier",
  "pk": 27,
  "fields": {
    "city": 45,
    "title": "Diaz, Coleman and Valencia",
    "email": "devon99@hotmail.com"
  }
},
{
  "model": "catalog.supplier",
  "pk": 28,
  "fields": {
    "city": 46,
    "title": "Branch-Phillips",
    "email": "carterkimberly@gmail.com"
  }
},
{
  "model": "catalog.supplier",
  "pk": 29,
  "fields": {
    "city": 47,
    "title": "Jennings-Smith",
    "email": "shannonjoshua@gmail.com"
  }
},
{
  "model": "catalog.supplier",
  "pk": 30,
  "fields": {
    "city": 48,
    "title": "Delgado Group",
    "email": "heidisimon@gmail.com"
  }
},
{
  "model": "catalog.supplier",
  "pk": 31,
  "fields": {
    "city": 49,
    "title": "Holt, Mason and Myers",
    "email": "rtorres@gmail.com"
  }
},
{
  "model": "catalog.supplier",
  "pk": 32,
  "fields": {
    "city": 50,
    "title": "Murphy Group",
    "email": "crystalelliott@hotmail.com"
  }
},
{
  "model": "catalog.supplier",
  "pk": 33,
  "fields": {
    "city": 51,
    "title": "Greer Inc",
    "email": "langteresa@hotmail.com"
  }
},
{
  "model": "catalog.supplier",
  "pk": 34,
  "fields": {
    "city": 52,
    "title": "Scott, Gray and Hernandez",
    "email": "gordonleslie@yahoo.com"
  }
},
{
  "model": "catalog.supplier",
  "pk": 35,
  "fields": {
    "city": 53,
    "title": "Davis Group",
    "email": "weaverdonna@yahoo.com"
  }
},
{
  "model": "catalog.supplier",
  "pk": 36,
  "fields": {
    "city": 54,
    "title": "Smith PLC",
    "email": "gabriel36@hotmail.com"
  }
},
{
  "model": "catalog.supplier",
  "pk": 37,
  "fields": {
    "city": 55,
    "title": "Lewis, Berry and Stanley",
    "email": "lsanders@yahoo.com"
  }
},
{
  "model": "catalog.supplier",
  "pk": 38,
  "fields": {
    "city": 56,
    "title": "Walls, Smith and Lee",
    "email": "williamssavannah@hotmail.com"
  }
},
{
  "model": "catalog.supplier",
  "pk": 39,
  "fields": {
    "city": 57,
    "title": "Brooks Group",
    "email": "leonwilliam@hotmail.com"
  }
},
{
  "model": "catalog.supplier",
  "pk": 40,
  "fields": {
    "city": 58,
    "title": "Mejia Inc",
    "email": "christina35@yahoo.com"
  }
},
{
  "model": "catalog.supplier",
  "pk": 41,
  "fields": {
    "city": 59,
    "title": "Hall Group",
    "email": "williamssusan@hotmail.com"
  }
},
{
  "model": "catalog.supplier",
  "pk": 42,
  "fields": {
    "city": 60,
    "title": "Diaz-Smith",
    "email": "michelleyoung@yahoo.com"
  }
},
{
  "model": "catalog.supplier",
  "pk": 43,
  "fields": {
    "city": 61,
    "title": "Frazier-Avila",
    "email": "anthonymartinez@yahoo.com"
  }
},
{
  "model": "catalog.supplier",
  "pk": 44,
  "fields": {
    "city": 62,
    "title": "Lopez and Sons",
    "email": "tiffanyallen@gmail.com"
  }
},
{
  "model": "catalog.supplier",
  "pk": 45,
  "fields": {
    "city": 63,
    "title": "Fuentes, Hernandez and Landry",
    "email": "phillipskevin@gmail.com"
  }
},
{
  "model": "catalog.supplier",
  "pk": 46,
  "fields": {
    "city": 64,
    "title": "Rivera, Phillips and Sanchez",
    "email": "mmaxwell@gmail.com"
  }
},
{
  "model": "catalog.supplier",
  "pk": 47,
  "fields": {
    "city": 65,
    "title": "Wright Inc",
    "email": "gravesjeffrey@hotmail.com"
  }
},
{
  "model": "catalog.supplier",
  "pk": 48,
  "fields": {
    "city": 66,
    "title": "Swanson, Coleman and Holmes",
    "email": "howarddorsey@gmail.com"
  }
},
{
  "model": "catalog.supplier",
  "pk": 49,
  "fields": {
    "city": 67,
    "title": "Campbell-Rodriguez",
    "email": "ejames@hotmail.com"
  }
},
{
  "model": "catalog.supplier",
  "pk": 50,
  "fields": {
    "city": 68,
    "title": "Green-Rowe",
    "email": "george93@yahoo.com"
  }
},
{
  "model": "catalog.supplier",
  "pk": 51,
  "fields": {
    "city": 69,
    "title": "Leonard, Smith and Wright",
    "email": "sue18@yahoo.com"
  }
},
{
  "model": "catalog.supplier",
  "pk": 52,
  "fields": {
    "city": 70,
    "title": "King-Alvarez",
    "email": "wjordan@hotmail.com"
  }
},
{
  "model": "catalog.supplier",
  "pk": 53,
  "fields": {
    "city": 71,
    "title": "Sanchez Ltd",
    "email": "teresahawkins@gmail.com"
  }
},
{
  "model": "catalog.supplier",
  "pk": 54,
  "fields": {
    "city": 72,
    "title": "Jefferson and Sons",
    "email": "whitney49@gmail.com"
  }
},
{
  "model": "catalog.supplier",
  "pk": 55,
  "fields": {
    "city": 73,
    "title": "Williams Group",
    "email": "tonyaschneider@hotmail.com"
  }
},
{
  "model": "catalog.supplier",
  "pk": 56,
  "fields": {
    "city": 74,
    "title": "Wright Ltd",
    "email": "john63@hotmail.com"
  }
},
{
  "model": "catalog.supplier",
  "pk": 57,
  "fields": {
    "city": 75,
    "title": "Barrett, Mitchell and White",
    "email": "spencerdean@gmail.com"
  }
},
{
  "model": "catalog.supplier",
  "pk": 58,
  "fields": {
    "city": 76,
    "title": "Reyes, Sutton and Yang",
    "email": "bradley25@hotmail.com"
  }
},
{
  "model": "catalog.supplier",
  "pk": 59,
  "fields": {
    "city": 77,
    "title": "Johnson, White and Hoover",
    "email": "igarza@hotmail.com"
  }
},
{
  "model": "catalog.supplier",
  "pk": 60,
  "fields": {
    "city": 78,
    "title": "Gray PLC",
    "email": "hayeserika@yahoo.com"
  }
},
{
  "model": "catalog.supplier",
  "pk": 61,
  "fields": {
    "city": 79,
    "title": "Peterson and Sons",
    "email": "dlopez@hotmail.com"
  }
},
{
  "model": "catalog.supplier",
  "pk": 62,
  "fields": {
    "city": 80,
    "title": "Leblanc and Sons",
    "email": "david73@yahoo.com"
  }
},
{
  "model": "catalog.supplier",
  "pk": 63,
  "fields": {
    "city": 81,
    "title": "Cortez Inc",
    "email": "johnsontristan@yahoo.com"
  }
},
{
  "model": "catalog.supplier",
  "pk": 64,
  "fields": {
    "city": 82,
    "title": "Shaw-Salinas",
    "email": "balllauren@hotmail.com"
  }
},
{
  "model": "catalog.supplier",
  "pk": 65,
  "fields": {
    "city": 83,
    "title": "Moss, Maddox and Sanders",
    "email": "pittmanrebecca@yahoo.com"
  }
},
{
  "model": "catalog.supplier",
  "pk": 66,
  "fields": {
    "city": 84,
    "title": "Peterson Ltd",
    "email": "beasleynathan@hotmail.com"
  }
},
{
  "model": "catalog.supplier",
  "pk": 67,
  "fields": {
    "city": 85,
    "title": "Sanders-Howard",
    "email": "kristen33@yahoo.com"
  }
},
{
  "model": "catalog.supplier",
  "pk": 68,
  "fields": {
    "city": 86,
    "title": "Lloyd PLC",
    "email": "regina61@gmail.com"
  }
},
{
  "model": "catalog.supplier",
  "pk": 69,
  "fields": {
    "city": 87,
    "title": "Hill-Morgan",
    "email": "shelleyjackson@hotmail.com"
  }
},
{
  "model": "catalog.supplier",
  "pk": 70,
  "fields": {
    "city": 88,
    "title": "Thomas, Schaefer and Maddox",
    "email": "birdmicheal@hotmail.com"
  }
},
{
  "model": "catalog.supplier",
  "pk": 71,
  "fields": {
    "city": 89,
    "title": "Kaiser, Lucas and Clark",
    "email": "kfrench@yahoo.com"
  }
},
{
  "model": "catalog.supplier",
  "pk": 72,
  "fields": {
    "city": 90,
    "title": "Thompson-Goodman",
    "email": "lhanson@hotmail.com"
  }
},
{
  "model": "catalog.supplier",
  "pk": 73,
  "fields": {
    "city": 91,
    "title": "Chan Inc",
    "email": "hullchristina@gmail.com"
  }
},
{
  "model": "catalog.supplier",
  "pk": 74,
  "fields": {
    "city": 92,
    "title": "Brown, Hanson and Acevedo",
    "email": "jamessteven@gmail.com"
  }
},
{
  "model": "catalog.supplier",
  "pk": 75,
  "fields": {
    "city": 93,
    "title": "Martinez, Nguyen and Martinez",
    "email": "morganjeremy@gmail.com"
  }
},
{
  "model": "catalog.supplier",
  "pk": 76,
  "fields": {
    "city": 94,
    "title": "Martin Ltd",
    "email": "gmurray@yahoo.com"
  }
},
{
  "model": "catalog.supplier",
  "pk": 77,
  "fields": {
    "city": 95,
    "title": "Rivas Group",
    "email": "samantha02@yahoo.com"
  }
},
{
  "model": "catalog.supplier",
  "pk": 78,
  "fields": {
    "city": 96,
    "title": "Brown-Smith",
    "email": "judy81@gmail.com"
  }
},
{
  "model": "catalog.supplier",
  "pk": 79,
  "fields": {
    "city": 97,
    "title": "Williams-Johnson",
    "email": "velazquezdennis@yahoo.com"
  }
},
{
  "model": "catalog.supplier",
  "pk": 80,
  "fields": {
    "city": 98,
    "title": "Smith-Mora",
    "email": "kara04@yahoo.com"
  }
},
{
  "model": "catalog.supplier",
  "pk": 81,
  "fields": {
    "city": 99,
    "title": "Roberts PLC",
    "email": "bryan79@yahoo.com"
  }
},
{
  "model": "catalog.supplier",
  "pk": 82,
  "fields": {
    "city": 100,
    "title": "Jackson, Webb and Brown",
    "email": "huntamanda@yahoo.com"
  }
},
{
  "model": "catalog.supplier",
  "pk": 83,
  "fields": {
    "city": 101,
    "title": "Osborn LLC",
    "email": "anna60@gmail.com"
  }
},
{
  "model": "catalog.product",
  "pk": 1,
  "fields": {
    "exp_date": "2023-06-17",
    "title": "shoes",
    "vendor_code": "A23E"
  }
},
{
  "model": "catalog.product",
  "pk": 2,
  "fields": {
    "exp_date": "2023-06-17",
    "title": "hat",
    "vendor_code": "A23E"
  }
},
{
  "model": "catalog.product",
  "pk": 3,
  "fields": {
    "exp_date": "2023-06-17",
    "title": "jacket",
    "vendor_code": "A23E"
  }
},
{
  "model": "catalog.product",
  "pk": 4,
  "fields": {
    "exp_date": "2023-06-17",
    "title": "sneakers",
    "vendor_code": "A23E"
  }
},
{
  "model": "catalog.product",
  "pk": 5,
  "fields": {
    "exp_date": "2023-06-17",
    "title": "gloves",
    "vendor_code": "A23E"
  }
},
{
  "model": "catalog.product",
  "pk": 6,
  "fields": {
    "exp_date": "2023-06-17",
    "title": "pants",
    "vendor_code": "A23E"
  }
},
{
  "model": "catalog.product",
  "pk": 7,
  "fields": {
    "exp_date": "2023-06-17",
    "title": "jeans",
    "vendor_code": "A23E"
  }
},
{
  "model": "catalog.product",
  "pk": 8,
  "fields": {
    "exp_date": "2023-06-17",
    "title": "bread",
    "vendor_code": "A564"
  }
},
{
  "model": "catalog.product",
  "pk": 9,
  "fields": {
    "exp_date": "2023-06-17",
    "title": "noodles",
    "vendor_code": "A594"
  }
},
{
  "model": "catalog.product",
  "pk": 10,
  "fields": {
    "exp_date": "2023-06-17",
    "title": "dumplings",
    "vendor_code": "A5r4"
  }
},
{
  "model": "catalog.product",
  "pk": 11,
  "fields": {
    "exp_date": "2023-06-17",
    "title": "hoodie",
    "vendor_code": "E0r4"
  }
},
{
  "model": "catalog.client",
  "pk": 1,
  "fields": {
    "city": 66,
    "email": "andrewcrosby@gmail.com",
    "first_name": "Juan",
    "last_name": "Watkins"
  }
},
{
  "model": "catalog.client",
  "pk": 2,
  "fields": {
    "city": 21,
    "email": "wbrown@gmail.com",
    "first_name": "Maria",
    "last_name": "Ward"
  }
},
{
  "model": "catalog.client",
  "pk": 3,
  "fields": {
    "city": 96,
    "email": "stephaniepowell@gmail.com",
    "first_name": "Michelle",
    "last_name": "Dominguez"
  }
},
{
  "model": "catalog.client",
  "pk": 4,
  "fields": {
    "city": 24,
    "email": "lopezteresa@yahoo.com",
    "first_name": "Tammie",
    "last_name": "Randolph"
  }
},
{
  "model": "catalog.client",
  "pk": 5,
  "fields": {
    "city": 59,
    "email": "robert72@yahoo.com",
    "first_name": "Jesus",
    "last_name": "Hernandez"
  }
},
{
  "model": "catalog.client",
  "pk": 6,
  "fields": {
    "city": 45,
    "email": "thomasbrandon@hotmail.com",
    "first_name": "Marcus",
    "last_name": "Williams"
  }
},
{
  "model": "catalog.client",
  "pk": 7,
  "fields": {
    "city": 86,
    "email": "nwilliams@gmail.com",
    "first_name": "Richard",
    "last_name": "Martinez"
  }
},
{
  "model": "catalog.client",
  "pk": 8,
  "fields": {
    "city": 65,
    "email": "chandlerbilly@gmail.com",
    "first_name": "Robert",
    "last_name": "Stevens"
  }
},
{
  "model": "catalog.client",
  "pk": 9,
  "fields": {
    "city": 85,
    "email": "zmacdonald@gmail.com",
    "first_name": "Jose",
    "last_name": "Perkins"
  }
},
{
  "model": "catalog.client",
  "pk": 10,
  "fields": {
    "city": 55,
    "email": "sydneydudley@gmail.com",
    "first_name": "Anita",
    "last_name": "Brown"
  }
},
{
  "model": "catalog.client",
  "pk": 11,
  "fields": {
    "city": 34,
    "email": "ibrown@gmail.com",
    "first_name": "Daniel",
    "last_name": "Hodge"
  }
},
{
  "model": "catalog.client",
  "pk": 12,
  "fields": {
    "city": 79,
    "email": "wvasquez@gmail.com",
    "first_name": "Debbie",
    "last_name": "Cochran"
  }
},
{
  "model": "catalog.client",
  "pk": 13,
  "fields": {
    "city": 27,
    "email": "amanda69@gmail.com",
    "first_name": "Kristina",
    "last_name": "Silva"
  }
},
{
  "model": "catalog.client",
  "pk": 14,
  "fields": {
    "city": 37,
    "email": "donaldskinner@gmail.com",
    "first_name": "Jim",
    "last_name": "Perez"
  }
},
{
  "model": "catalog.client",
  "pk": 15,
  "fields": {
    "city": 72,
    "email": "mckayvincent@gmail.com",
    "first_name": "Nichole",
    "last_name": "Allison"
  }
},
{
  "model": "catalog.client",
  "pk": 16,
  "fields": {
    "city": 78,
    "email": "williamsjessica@hotmail.com",
    "first_name": "Mary",
    "last_name": "Jackson"
  }
},
{
  "model": "catalog.client",
  "pk": 17,
  "fields": {
    "city": 21,
    "email": "teresarhodes@hotmail.com",
    "first_name": "Ronnie",
    "last_name": "Cruz"
  }
},
{
  "model": "catalog.client",
  "pk": 18,
  "fields": {
    "city": 95,
    "email": "sergiowilson@hotmail.com",
    "first_name": "Willie",
    "last_name": "Thompson"
  }
},
{
  "model": "catalog.client",
  "pk": 19,
  "fields": {
    "city": 39,
    "email": "vsmith@gmail.com",
    "first_name": "Allen",
    "last_name": "Foster"
  }
},
{
  "model": "catalog.client",
  "pk": 20,
  "fields": {
    "city": 66,
    "email": "jessicaday@gmail.com",
    "first_name": "Joshua",
    "last_name": "Stevenson"
  }
},
{
  "model": "catalog.client",
  "pk": 21,
  "fields": {
    "city": 46,
    "email": "lsullivan@yahoo.com",
    "first_name": "Joel",
    "last_name": "Prince"
  }
},
{
  "model": "catalog.client",
  "pk": 22,
  "fields": {
    "city": 99,
    "email": "tolson@gmail.com",
    "first_name": "Tiffany",
    "last_name": "Garcia"
  }
},
{
  "model": "catalog.client",
  "pk": 23,
  "fields": {
    "city": 74,
    "email": "owatson@hotmail.com",
    "first_name": "Susan",
    "last_name": "Gordon"
  }
},
{
  "model": "catalog.client",
  "pk": 24,
  "fields": {
    "city": 43,
    "email": "ashley81@hotmail.com",
    "first_name": "Elijah",
    "last_name": "Terry"
  }
},
{
  "model": "catalog.client",
  "pk": 25,
  "fields": {
    "city": 77,
    "email": "jessicastone@hotmail.com",
    "first_name": "Daniel",
    "last_name": "Newton"
  }
},
{
  "model": "catalog.client",
  "pk": 26,
  "fields": {
    "city": 79,
    "email": "roblesrobin@hotmail.com",
    "first_name": "Dennis",
    "last_name": "Kelly"
  }
},
{
  "model": "catalog.client",
  "pk": 27,
  "fields": {
    "city": 52,
    "email": "lynn66@hotmail.com",
    "first_name": "Jose",
    "last_name": "Lopez"
  }
},
{
  "model": "catalog.client",
  "pk": 28,
  "fields": {
    "city": 74,
    "email": "catherinesmith@hotmail.com",
    "first_name": "Heather",
    "last_name": "Lambert"
  }
},
{
  "model": "catalog.client",
  "pk": 29,
  "fields": {
    "city": 85,
    "email": "mariaroach@yahoo.com",
    "first_name": "Christine",
    "last_name": "Johnson"
  }
},
{
  "model": "catalog.client",
  "pk": 30,
  "fields": {
    "city": 36,
    "email": "scastaneda@hotmail.com",
    "first_name": "Jeffrey",
    "last_name": "Powell"
  }
},
{
  "model": "catalog.client",
  "pk": 31,
  "fields": {
    "city": 94,
    "email": "ejohnson@hotmail.com",
    "first_name": "Bruce",
    "last_name": "King"
  }
},
{
  "model": "catalog.client",
  "pk": 32,
  "fields": {
    "city": 93,
    "email": "thomasstacey@hotmail.com",
    "first_name": "Tyler",
    "last_name": "Thomas"
  }
},
{
  "model": "catalog.client",
  "pk": 33,
  "fields": {
    "city": 44,
    "email": "oharrell@yahoo.com",
    "first_name": "Andrew",
    "last_name": "Moore"
  }
},
{
  "model": "catalog.client",
  "pk": 34,
  "fields": {
    "city": 74,
    "email": "vmitchell@gmail.com",
    "first_name": "Stephanie",
    "last_name": "Mccall"
  }
},
{
  "model": "catalog.client",
  "pk": 35,
  "fields": {
    "city": 25,
    "email": "uhanson@yahoo.com",
    "first_name": "Lindsay",
    "last_name": "Romero"
  }
},
{
  "model": "catalog.client",
  "pk": 36,
  "fields": {
    "city": 61,
    "email": "weissvalerie@yahoo.com",
    "first_name": "Kyle",
    "last_name": "Tran"
  }
},
{
  "model": "catalog.client",
  "pk": 37,
  "fields": {
    "city": 35,
    "email": "shelby81@hotmail.com",
    "first_name": "Chad",
    "last_name": "Turner"
  }
},
{
  "model": "catalog.client",
  "pk": 38,
  "fields": {
    "city": 77,
    "email": "stephanie50@yahoo.com",
    "first_name": "Eric",
    "last_name": "Walsh"
  }
},
{
  "model": "catalog.client",
  "pk": 39,
  "fields": {
    "city": 56,
    "email": "david94@yahoo.com",
    "first_name": "Makayla",
    "last_name": "Reynolds"
  }
},
{
  "model": "catalog.client",
  "pk": 40,
  "fields": {
    "city": 59,
    "email": "christina03@yahoo.com",
    "first_name": "Steven",
    "last_name": "Brown"
  }
},
{
  "model": "catalog.client",
  "pk": 41,
  "fields": {
    "city": 53,
    "email": "marcprice@yahoo.com",
    "first_name": "Marc",
    "last_name": "Rodgers"
  }
},
{
  "model": "catalog.client",
  "pk": 42,
  "fields": {
    "city": 65,
    "email": "jacquelinecervantes@hotmail.com",
    "first_name": "Meagan",
    "last_name": "Lee"
  }
},
{
  "model": "catalog.client",
  "pk": 43,
  "fields": {
    "city": 57,
    "email": "jonesbrian@hotmail.com",
    "first_name": "Daisy",
    "last_name": "Hernandez"
  }
},
{
  "model": "catalog.client",
  "pk": 44,
  "fields": {
    "city": 82,
    "email": "salinaspaul@gmail.com",
    "first_name": "Tanya",
    "last_name": "Sharp"
  }
},
{
  "model": "catalog.client",
  "pk": 45,
  "fields": {
    "city": 33,
    "email": "monica31@yahoo.com",
    "first_name": "Kimberly",
    "last_name": "Ruiz"
  }
},
{
  "model": "catalog.client",
  "pk": 46,
  "fields": {
    "city": 40,
    "email": "bjackson@yahoo.com",
    "first_name": "Miguel",
    "last_name": "Rivers"
  }
},
{
  "model": "catalog.client",
  "pk": 47,
  "fields": {
    "city": 49,
    "email": "phillipswilliam@gmail.com",
    "first_name": "Kara",
    "last_name": "Clark"
  }
},
{
  "model": "catalog.client",
  "pk": 48,
  "fields": {
    "city": 34,
    "email": "pbell@yahoo.com",
    "first_name": "Julie",
    "last_name": "Thomas"
  }
},
{
  "model": "catalog.client",
  "pk": 49,
  "fields": {
    "city": 94,
    "email": "gentryryan@yahoo.com",
    "first_name": "Mary",
    "last_name": "Morgan"
  }
},
{
  "model": "catalog.client",
  "pk": 50,
  "fields": {
    "city": 35,
    "email": "bradley83@yahoo.com",
    "first_name": "Alexander",
    "last_name": "Brown"
  }
},
{
  "model": "catalog.client",
  "pk": 51,
  "fields": {
    "city": 76,
    "email": "amyvelez@gmail.com",
    "first_name": "Martin",
    "last_name": "Stephenson"
  }
},
{
  "model": "catalog.client",
  "pk": 52,
  "fields": {
    "city": 70,
    "email": "christophergraves@yahoo.com",
    "first_name": "Stephanie",
    "last_name": "Ballard"
  }
},
{
  "model": "catalog.client",
  "pk": 53,
  "fields": {
    "city": 68,
    "email": "tracy00@gmail.com",
    "first_name": "Michael",
    "last_name": "Williams"
  }
},
{
  "model": "catalog.client",
  "pk": 54,
  "fields": {
    "city": 75,
    "email": "wbarnes@hotmail.com",
    "first_name": "Susan",
    "last_name": "Anderson"
  }
},
{
  "model": "catalog.client",
  "pk": 55,
  "fields": {
    "city": 96,
    "email": "twatson@gmail.com",
    "first_name": "Scott",
    "last_name": "Perry"
  }
},
{
  "model": "catalog.client",
  "pk": 56,
  "fields": {
    "city": 100,
    "email": "tammygutierrez@hotmail.com",
    "first_name": "Valerie",
    "last_name": "Lee"
  }
},
{
  "model": "catalog.client",
  "pk": 57,
  "fields": {
    "city": 33,
    "email": "millerjohn@gmail.com",
    "first_name": "Andrew",
    "last_name": "Kim"
  }
},
{
  "model": "catalog.client",
  "pk": 58,
  "fields": {
    "city": 79,
    "email": "christianbrittney@hotmail.com",
    "first_name": "Christopher",
    "last_name": "Phelps"
  }
},
{
  "model": "catalog.client",
  "pk": 59,
  "fields": {
    "city": 58,
    "email": "mtrujillo@yahoo.com",
    "first_name": "Lisa",
    "last_name": "Mitchell"
  }
},
{
  "model": "catalog.client",
  "pk": 60,
  "fields": {
    "city": 46,
    "email": "vlewis@yahoo.com",
    "first_name": "Stephanie",
    "last_name": "Young"
  }
},
{
  "model": "catalog.client",
  "pk": 61,
  "fields": {
    "city": 95,
    "email": "anitasanders@gmail.com",
    "first_name": "George",
    "last_name": "Salas"
  }
},
{
  "model": "catalog.client",
  "pk": 62,
  "fields": {
    "city": 64,
    "email": "zoewilliams@hotmail.com",
    "first_name": "Anthony",
    "last_name": "Fuentes"
  }
},
{
  "model": "catalog.client",
  "pk": 63,
  "fields": {
    "city": 69,
    "email": "cantrellolivia@yahoo.com",
    "first_name": "Megan",
    "last_name": "Velasquez"
  }
},
{
  "model": "catalog.client",
  "pk": 64,
  "fields": {
    "city": 79,
    "email": "tschmidt@gmail.com",
    "first_name": "Tiffany",
    "last_name": "Espinoza"
  }
},
{
  "model": "catalog.client",
  "pk": 65,
  "fields": {
    "city": 52,
    "email": "irwinrobert@gmail.com",
    "first_name": "Tina",
    "last_name": "Garcia"
  }
},
{
  "model": "catalog.client",
  "pk": 66,
  "fields": {
    "city": 70,
    "email": "watsonchristopher@hotmail.com",
    "first_name": "Stanley",
    "last_name": "Arnold"
  }
},
{
  "model": "catalog.client",
  "pk": 67,
  "fields": {
    "city": 31,
    "email": "jonathan22@gmail.com",
    "first_name": "Victoria",
    "last_name": "Fox"
  }
},
{
  "model": "catalog.client",
  "pk": 68,
  "fields": {
    "city": 96,
    "email": "thomas30@hotmail.com",
    "first_name": "Amber",
    "last_name": "Gould"
  }
},
{
  "model": "catalog.client",
  "pk": 69,
  "fields": {
    "city": 20,
    "email": "olivercarol@hotmail.com",
    "first_name": "Christian",
    "last_name": "Griffin"
  }
},
{
  "model": "catalog.client",
  "pk": 70,
  "fields": {
    "city": 71,
    "email": "kelly08@gmail.com",
    "first_name": "Mary",
    "last_name": "Mckenzie"
  }
},
{
  "model": "catalog.client",
  "pk": 71,
  "fields": {
    "city": 73,
    "email": "loganjuarez@gmail.com",
    "first_name": "Natalie",
    "last_name": "Morales"
  }
},
{
  "model": "catalog.client",
  "pk": 72,
  "fields": {
    "city": 28,
    "email": "fdawson@gmail.com",
    "first_name": "Regina",
    "last_name": "Friedman"
  }
},
{
  "model": "catalog.client",
  "pk": 73,
  "fields": {
    "city": 96,
    "email": "lwood@yahoo.com",
    "first_name": "Travis",
    "last_name": "Gentry"
  }
},
{
  "model": "catalog.client",
  "pk": 74,
  "fields": {
    "city": 96,
    "email": "scott58@hotmail.com",
    "first_name": "Robert",
    "last_name": "Sanchez"
  }
},
{
  "model": "catalog.client",
  "pk": 75,
  "fields": {
    "city": 34,
    "email": "herrerajames@yahoo.com",
    "first_name": "Kathryn",
    "last_name": "Orr"
  }
},
{
  "model": "catalog.client",
  "pk": 76,
  "fields": {
    "city": 84,
    "email": "jacobmurray@gmail.com",
    "first_name": "Christine",
    "last_name": "Burns"
  }
},
{
  "model": "catalog.client",
  "pk": 77,
  "fields": {
    "city": 24,
    "email": "donna63@yahoo.com",
    "first_name": "Daniel",
    "last_name": "Hoffman"
  }
},
{
  "model": "catalog.client",
  "pk": 78,
  "fields": {
    "city": 79,
    "email": "zknight@yahoo.com",
    "first_name": "Nicole",
    "last_name": "Richardson"
  }
},
{
  "model": "catalog.client",
  "pk": 79,
  "fields": {
    "city": 90,
    "email": "laurengross@hotmail.com",
    "first_name": "Luis",
    "last_name": "Price"
  }
},
{
  "model": "catalog.client",
  "pk": 80,
  "fields": {
    "city": 55,
    "email": "marshruth@yahoo.com",
    "first_name": "Daniel",
    "last_name": "Small"
  }
},
{
  "model": "catalog.client",
  "pk": 81,
  "fields": {
    "city": 20,
    "email": "charleswilliams@hotmail.com",
    "first_name": "Renee",
    "last_name": "Knight"
  }
},
{
  "model": "catalog.client",
  "pk": 82,
  "fields": {
    "city": 58,
    "email": "nsmith@yahoo.com",
    "first_name": "Alexander",
    "last_name": "Johnson"
  }
},
{
  "model": "catalog.clientsproducts",
  "pk": 1,
  "fields": {
    "client": 1,
    "product": 1
  }
}
]
